,company,facebook,twitter,instagram,pinterest
0,Apple,14.031.481 persone seguono questa Pagina,"8,8 Mln",28.9M follower,-
1,Amazon,5.017.069 persone seguono questa Pagina,5 Mln,3.8M follower,"712,6mila follower"
2,China Construction Bank,-,-,-,-
3,Agricultural Bank of China,-,-,-,-
4,ICBC,15.811 persone seguono questa Pagina,22.516,"3,868 follower",-
5,Aramco,8.276.544 persone seguono questa Pagina,995.213,315K follower,16 follower
6,Berkshire Hathaway,104.378 persone seguono questa Pagina,"1,6 Mln","3,448 follower",-
7,JPMorgan,96.476 persone seguono questa Pagina,698.976,320K follower,-
8,Bank of America,2.762.915 persone seguono questa Pagina,947.495,-,"10,2mila follower"
9,Toyota Motor,780.558 persone seguono questa Pagina,53.220,5M follower,-
10,Alphabet,33.434 persone seguono questa Pagina,573,-,-
11,Bank of America,2.762.916 persone seguono questa Pagina,947.495,239K follower,"10,2mila follower"
12,Toyota Motor,780.558 persone seguono questa Pagina,53.220,5M follower,-
13,Alphabet,33.434 persone seguono questa Pagina,573,337 follower,-
14,Bank of America,2.762.915 persone seguono questa Pagina,947.495,239K follower,"10,2mila follower"
15,Toyota Motor,780.558 persone seguono questa Pagina,53.220,5M follower,-
16,Alphabet,33.434 persone seguono questa Pagina,573,337 follower,-
17,Microsoft,13.001.662 persone seguono questa Pagina,12 Mln,4M follower,-
18,Bank of China,-,3.132,240 follower,-
19,Samsung Group,-,253.162,873K follower,0 follower
20,ExxonMobil,3.072.075 persone seguono questa Pagina,335.922,108K follower,-
21,Shell,9.718.381 persone seguono questa Pagina,571.176,416K follower,-
22,Ping An Insurance Group,-,1.601,599 follower,-
23,Wells Fargo,1.158.525 persone seguono questa Pagina,344.787,123K follower,"7,1mila follower"
24,Verizon Communications,6.780.411 persone seguono questa Pagina,"1,6 Mln",249K follower,"26,4mila follower"
25,AT&T,-,-,-,-
26,PetroChina,-,235,"7,520 follower",-
27,UnitedHealth Group,-,39.308,"7,343 follower",-
28,Walmart,32.541.521 persone seguono questa Pagina,"1,3 Mln",2.9M follower,"1,9Mln follower"
29,China Merchants Bank,-,-,-,-
30,Volkswagen Group,-,161.219,9.8M follower,-
31,Chevron,1.199.939 persone seguono questa Pagina,383.398,67.9K follower,-
32,Citigroup,1.209.295 persone seguono questa Pagina,-,112K follower,135 follower
33,Tencent Holdings,-,41.911,"4,156 follower",-
34,Total,10.250.032 persone seguono questa Pagina,649,113K follower,-
35,Postal Savings Bank Of China (PSBC),-,-,-,-
36,China Mobile,457.442 persone seguono questa Pagina,11.104,22.5K follower,-
37,Comcast,120.444 persone seguono questa Pagina,181.910,28.1K follower,"6,3mila follower"
38,Alibaba Group,621.171 persone seguono questa Pagina,235.889,122K follower,-
39,Meta Platforms,-,"13,9 Mln",-,-
40,Allianz,17.988 persone seguono questa Pagina,52.063,104K follower,270 follower
41,Morgan Stanley,120.273 persone seguono questa Pagina,669.974,301K follower,-
42,Goldman Sachs Group,298.229 persone seguono questa Pagina,970.226,219K follower,-
43,HSBC Holdings,3.042.374 persone seguono questa Pagina,198.281,52.1K follower,-
44,BNP Paribas,239.838 persone seguono questa Pagina,5.718,31.8K follower,-
45,Johnson & Johnson,-,-,-,-
46,Mercedes-Benz Group,-,"3,9 Mln",36.3M follower,-
47,CVS Health,23.817 persone seguono questa Pagina,67.178,14.5K follower,5 follower
48,Softbank,1.371.164 persone seguono questa Pagina,675.715,42.1K follower,-
49,Sinopec,3.134.575 persone seguono questa Pagina,184.116,"1,157 follower",-
50,RBC,592.898 persone seguono questa Pagina,108.296,64.5K follower,-
51,Nestlé,11.669.320 persone seguono questa Pagina,-,17.6K follower,"8,4mila follower"
52,AXA Group,83.100 persone seguono questa Pagina,8.332,"4,815 follower",-
53,Gazprom,-,69.336,-,-
54,BP,-,112.412,108K follower,-
55,Intel,36.624.684 persone seguono questa Pagina,"4,9 Mln",1.7M follower,"17,8mila follower"
56,TD Bank Group,841.995 persone seguono questa Pagina,56.914,52.5K follower,"1,2mila follower"
57,Nippon Telegraph & Tel,-,-,-,-
58,Reliance Industries,2.333.387 persone seguono questa Pagina,4.497,"4,088 follower",-
59,Industrial Bank,-,2.153,"4,706 follower",-
60,Sony,347.504 persone seguono questa Pagina,"5,6 Mln",859K follower,"54,7mila follower"
61,Santander,-,94.200,"2,269 follower",-
62,Mitsubishi UFJ Financial,-,1.841,-,-
63,Taiwan Semiconductor,-,3.042,-,-
64,Ford Motor,17.426.246 persone seguono questa Pagina,"1,4 Mln",5.6M follower,336 follower
65,LVMH Moët Hennessy Louis Vuitton,321.611 persone seguono questa Pagina,190.620,986K follower,-
66,Bank of Communications,-,-,-,-
67,Procter & Gamble,-,-,-,-
68,BMW Group,301.632 persone seguono questa Pagina,644.514,129K follower,-
69,Petrobras,-,506.161,189K follower,-
70,Deutsche Telekom,128.041 persone seguono questa Pagina,82.718,51.1K follower,35 follower
71,AbbVie,31.983 persone seguono questa Pagina,77.730,"4,905 follower",3 follower
72,Novartis,425.272 persone seguono questa Pagina,10.550,112K follower,2 follower
73,General Motors,833.044 persone seguono questa Pagina,799.535,538K follower,-
74,Equinor,-,19.626,58.9K follower,-
75,China Life Insurance,-,54,409 follower,-
76,Roche Holding,7148 persone seguono questa Pagina,246.619,56.9K follower,-
77,AIA Group,1.376.531 persone seguono questa Pagina,188,14.9K follower,-
78,MetLife,11.160 persone seguono questa Pagina,54.764,-,-
79,BHP Group,280.125 persone seguono questa Pagina,59.901,23.6K follower,-
80,American Express,7.958.907 persone seguono questa Pagina,863.891,23.8K follower,"9,9mila follower"
81,Stellantis,-,89.473,"4,772 follower",-
82,Zurich Insurance Group,933.017 persone seguono questa Pagina,60.223,15.1K follower,-
83,Rosneft,-,5.636,85.2K follower,-
84,Rio Tinto,110.743 persone seguono questa Pagina,76.621,12.1K follower,-
85,Brookfield Asset Management,-,2.568,"5,470 follower",-
86,Cigna,601.129 persone seguono questa Pagina,51.739,21.5K follower,"1,1mila follower"
87,Prudential Financial,561.234 persone seguono questa Pagina,149.358,29.6K follower,"1,2mila follower"
88,PepsiCo,394.414 persone seguono questa Pagina,355.216,117K follower,"4,2mila follower"
89,Merck & Co.,-,-,-,-
90,Elevance Health,-,36.218,213 follower,-
91,Bank of Nova Scotia,778.458 persone seguono questa Pagina,106.803,56.2K follower,-
92,American International Group,335.634 persone seguono questa Pagina,43.205,"1,776 follower",2 follower
93,Glencore International,205.787 persone seguono questa Pagina,170.593,22.9K follower,-
94,Cisco Systems,2.007.172 persone seguono questa Pagina,742.379,487K follower,42 follower
95,Anheuser-Busch InBev,-,33.771,-,19 follower
96,Walt Disney,37.386.904 persone seguono questa Pagina,717.562,35.5M follower,-
97,Chubb,47.442 persone seguono questa Pagina,28.592,"7,843 follower",0 follower
98,CITIC,-,279,"1,676 follower",-
99,Lloyds Banking Group,8575 persone seguono questa Pagina,25.492,"8,426 follower",-
100,IBM,2.908.549 persone seguono questa Pagina,704.078,540K follower,-
101,Sanofi,72.339 persone seguono questa Pagina,18.285,"9,027 follower",89 follower
102,United Parcel Service,1.988.083 persone seguono questa Pagina,269.318,172K follower,-
103,British American Tobacco,-,23.399,-,-
104,UBS,236.473 persone seguono questa Pagina,521.744,95.5K follower,122 follower
105,Honda Motor,1.766.417 persone seguono questa Pagina,"1,1 Mln",66.8K follower,-
106,Mitsubishi,98.146 persone seguono questa Pagina,288.095,606K follower,-
107,China State Construction Engineering,1.100.473 persone seguono questa Pagina,99.811,34K follower,-
108,State Bank of India,-,"4,5 Mln",2.3M follower,"8,5mila follower"
109,Commonwealth Bank,779.001 persone seguono questa Pagina,100.764,37.5K follower,-
110,Shanghai Pudong Development,-,-,-,-
111,Raytheon Technologies,-,196.312,49.6K follower,-
112,Enel,1.020.025 persone seguono questa Pagina,6.409,46.5K follower,13 follower
113,Eni,316.964 persone seguono questa Pagina,65.893,45.4K follower,92 follower
114,Capital One,3.936.093 persone seguono questa Pagina,214.650,133K follower,"11,2mila follower"
115,Bristol Myers Squibb,136.167 persone seguono questa Pagina,157.083,15.1K follower,-
116,Coca-Cola,108.964.771 persone seguono questa Pagina,"3,4 Mln",2.8M follower,-
117,Oracle,2.971.442 persone seguono questa Pagina,814.230,326K follower,"2,9mila follower"
118,Sberbank,435.950 persone seguono questa Pagina,-,701K follower,-
119,Bank of Montreal,178.104 persone seguono questa Pagina,57.156,22.7K follower,-
120,Vale,-,1.188,100K follower,"7,1mila follower"
121,EDF,39.147 persone seguono questa Pagina,70.117,24.6K follower,6 follower
122,Thermo Fisher Scientific,145.113 persone seguono questa Pagina,64.707,42.5K follower,-
123,Credit Agricole,198.526 persone seguono questa Pagina,3.543,"8,923 follower",237 follower
124,AIRBUS,-,802.748,2.1M follower,-
125,Costco Wholesale,757.212 persone seguono questa Pagina,59.717,-,"142,5mila follower"
126,Hon Hai Precision,-,969,-,-
127,Unilever,3.967.851 persone seguono questa Pagina,238.230,186K follower,"5,5mila follower"
128,Charter Communications,-,19.808,-,-
129,Sumitomo Mitsui Financial,-,145,-,-
130,ConocoPhillips,71.622 persone seguono questa Pagina,163.937,33.3K follower,-
131,GlaxoSmithKline,407.584 persone seguono questa Pagina,241.084,89.6K follower,-
132,Intesa Sanpaolo,516.083 persone seguono questa Pagina,17.257,54.6K follower,-
133,Manulife,166.268 persone seguono questa Pagina,16.256,15.5K follower,-
134,US Bancorp,331.646 persone seguono questa Pagina,44.709,42.1K follower,"2,7mila follower"
135,BASF,495.752 persone seguono questa Pagina,2.218,"1,737 follower",-
136,CNOOC,-,-,316 follower,-
137,Abbott Laboratories,-,34.909,131K follower,-
138,Iberdrola,96.427 persone seguono questa Pagina,80.394,62.3K follower,139 follower
139,China Shenhua Energy,-,-,22.6K follower,-
140,Itaú Unibanco Holding,-,-,956K follower,-
141,Caterpillar,175.001 persone seguono questa Pagina,147.549,846K follower,-
142,Mitsui,-,404,-,-
143,Itochu,-,195,359 follower,-
144,Charles Schwab,267.848 persone seguono questa Pagina,128.747,46.8K follower,"1,1mila follower"
145,Truist Financial,354.771 persone seguono questa Pagina,13.431,42.8K follower,-
146,Enbridge,35.438 persone seguono questa Pagina,26.080,"3,290 follower",-
147,Hitachi,359.212 persone seguono questa Pagina,128.954,43.1K follower,-
148,KDDI,-,-,0 follower,-
149,Hyundai Motor,777.485 persone seguono questa Pagina,324.024,1.2M follower,-
150,China Citic Bank,10.437 persone seguono questa Pagina,279,-,-
151,Visa,22.370.216 persone seguono questa Pagina,2.784,128K follower,"7,4mila follower"
152,Target,-,"2,1 Mln",5.2M follower,"4,4Mln follower"
153,BBVA-Banco Bilbao Vizcaya,5.871.545 persone seguono questa Pagina,"2,4 Mln",194K follower,-
154,tesla,-,"18,4 Mln",9.5M follower,-
155,Deere & Company,-,-,-,-
156,HDFC Bank,2.928.470 persone seguono questa Pagina,574.196,305K follower,545 follower
157,Barclays,619.141 persone seguono questa Pagina,303.012,47.1K follower,470 follower
158,Munich Re,29.604 persone seguono questa Pagina,63.996,948 follower,-
159,Japan Post Holdings,-,-,-,-
160,Walgreens,4.204.623 persone seguono questa Pagina,839.427,347K follower,141mila follower
161,Danaher,10.855 persone seguono questa Pagina,294,502K follower,126 follower
162,Generali Group,238.965 persone seguono questa Pagina,11.377,14.8K follower,-
163,Møller-Maersk,3.088.887 persone seguono questa Pagina,114.226,307K follower,-
164,Lowe's,4.800.057 persone seguono questa Pagina,299.473,882K follower,"3,8Mln follower"
165,FedEx,3.023.209 persone seguono questa Pagina,324.471,14.4M follower,"10,7mila follower"
166,Deutsche Post,280.417 persone seguono questa Pagina,45.185,35.3K follower,-
167,PNC Financial Services,345.422 persone seguono questa Pagina,39.018,29.1K follower,"3,5mila follower"
168,Broadcom,16.936 persone seguono questa Pagina,52.390,7 follower,-
169,LukOil,22.334 persone seguono questa Pagina,3.833,584 follower,-
170,Medtronic,-,83.865,"4,720 follower",248 follower
171,SAP,30.092 persone seguono questa Pagina,301.870,227K follower,11 follower
172,SK Hynix,6704 persone seguono questa Pagina,-,68K follower,-
173,ENGIE,716.744 persone seguono questa Pagina,14.688,33.4K follower,297 follower
174,Lockheed Martin,-,504.823,525K follower,-
175,BlackRock,-,571.803,88.6K follower,-
176,Westpac Banking Group,266.407 persone seguono questa Pagina,59.544,21.4K follower,-
177,Duke Energy,-,119.385,22.1K follower,-
178,Dell Technologies,1.574.265 persone seguono questa Pagina,52.791,86.7K follower,"10,8mila follower"
179,VINCI,-,19.854,93K follower,-
180,Tokio Marine Holdings,150.885 persone seguono questa Pagina,799,20.8K follower,-
181,América Móvil,-,-,"2,492 follower",-
182,E.ON,772.665 persone seguono questa Pagina,4.744,"9,098 follower",-
183,Anglo American,601.491 persone seguono questa Pagina,150.026,27K follower,-
184,Banco Bradesco,5.039.438 persone seguono questa Pagina,209.765,535K follower,-
185,ING Group,-,11.175,182 follower,-
186,Accenture,42.806 persone seguono questa Pagina,551.790,17.6K follower,-
187,Honeywell International,165.005 persone seguono questa Pagina,65.685,35.6K follower,-
188,Mizuho Financial,-,5.862,-,-
189,Linde,-,15.808,10.2K follower,-
190,ArcelorMittal,-,46.974,"7,112 follower",4 follower
191,Canadian Imperial Bank,411.052 persone seguono questa Pagina,121.058,41.6K follower,-
192,Poly Developments & Holdings Group,-,-,-,-
193,Micron Technology,9903 persone seguono questa Pagina,27.221,"2,892 follower",-
194,ANZ,378.971 persone seguono questa Pagina,124.570,24.5K follower,5 follower
195,Fubon Financial,-,-,"2,829 follower",-
196,China Telecom,141.295 persone seguono questa Pagina,4.390,-,-
197,HCA Healthcare,39.221 persone seguono questa Pagina,16.386,13.5K follower,19 follower
198,Dow,17.594 persone seguono questa Pagina,-,10.8K follower,-
199,Telefónica,990 persone seguono questa Pagina,87.179,48.2K follower,-
200,China Vanke,17.620 persone seguono questa Pagina,-,-,-
201,NAB - National Australia Bank,262.624 persone seguono questa Pagina,70.977,18.8K follower,-
202,Cathay Financial,-,736,"2,744 follower",-
203,Qualcomm,2.758.254 persone seguono questa Pagina,452.104,193K follower,223 follower
204,L'Oréal,-,20.324,10M follower,-
205,Allstate,257 persone seguono questa Pagina,85.998,35.3K follower,"8,2mila follower"
206,SAIC Motor,-,620,"1,962 follower",-
207,ICICI Bank,5.361.157 persone seguono questa Pagina,731.954,328K follower,5 follower
208,China Everbright Bank,-,-,-,-
209,Gilead Sciences,24.628 persone seguono questa Pagina,72.736,"4,478 follower",10 follower
210,China Pacific Insurance,-,4,336 follower,-
211,NVIDIA,6.735.069 persone seguono questa Pagina,"1,9 Mln",2M follower,"2,8mila follower"
212,Amgen,31.636 persone seguono questa Pagina,124.683,"2,816 follower",-
213,Union Pacific,-,56.526,57.4K follower,-
214,Dai-ichi Life Insurance,-,670,33.2K follower,-
215,Nike,-,"9,5 Mln",253M follower,-
216,Takeda Pharmaceutical,-,27.987,-,-
217,Philip Morris International,-,30.927,-,-
218,PayPal,6.612.755 persone seguono questa Pagina,916.662,533K follower,-
219,China Resources Land,-,-,"2,339 follower",-
220,Oversea-Chinese Banking,673.377 persone seguono questa Pagina,19.431,13.4K follower,-
221,Midea Group,1.593.086 persone seguono questa Pagina,13.266,14K follower,-
222,Travelers,53.381 persone seguono questa Pagina,65.668,28.2K follower,-
223,Eli Lilly,239.838 persone seguono questa Pagina,139.824,26.4K follower,-
224,Mondelez International,275.062 persone seguono questa Pagina,32.175,55.1K follower,-
225,McDonald's,81.943.189 persone seguono questa Pagina,"4,7 Mln",496K follower,-
226,General Electric,2.180.258 persone seguono questa Pagina,444.149,476K follower,"32,4mila follower"
227,Société Générale,-,-,23.1K follower,-
228,Schneider Electric,1.848.346 persone seguono questa Pagina,67.690,119K follower,688 follower
229,3M,4.714.401 persone seguono questa Pagina,"1,3 Mln",227K follower,-
230,Aflac,62.971 persone seguono questa Pagina,60.137,19.4K follower,-
231,Oil & Natural Gas,-,-,-,-
232,Southern Company,-,59.501,"3,374 follower",0 follower
233,Deutsche Bank,6320 persone seguono questa Pagina,677.063,55.2K follower,-
234,PTT,-,-,37.2K follower,"36,2mila follower"
235,CK Hutchison,-,-,-,-
236,Canadian Natural Resources,-,6.956,-,-
237,Sun Life Financial,120.763 persone seguono questa Pagina,24.436,11.4K follower,-
238,Northrop Grumman,-,265.899,236K follower,87 follower
239,Archer Daniels Midland,-,8.621,-,-
240,Marathon Petroleum,-,9.146,"6,767 follower",-
241,China Minsheng Bank,-,-,"1,012 follower",-
242,Legal & General Group,-,-,-,-
243,Netflix,86.584.357 persone seguono questa Pagina,"21,1 Mln",6.6M follower,-
244,Progressive,516.949 persone seguono questa Pagina,76.311,934 follower,"7,3mila follower"
245,Longfor Group Holdings,-,-,80 follower,-
246,DBS,-,226.417,31.1K follower,-
247,Cosco Shipping,-,10.279,-,-
248,China Communications Construction,1.741.294 persone seguono questa Pagina,93.636,"2,118 follower",-
249,NatWest Group,379.916 persone seguono questa Pagina,71.430,24.3K follower,-
250,Exelon,-,20.377,579 follower,-
251,Humana,302.040 persone seguono questa Pagina,44.492,22.1K follower,200 follower
252,General Dynamics,101.144 persone seguono questa Pagina,6.352,11.5K follower,-
253,Power Corp of Canada,-,-,17K follower,-
254,Qatar National Bank,4.448.701 persone seguono questa Pagina,262.233,105K follower,170 follower
255,Bayer,996.624 persone seguono questa Pagina,184.603,150K follower,-
256,KKR,16.688.044 persone seguono questa Pagina,"5,1 Mln",3.4M follower,641 follower
257,Country Garden Holdings,-,-,"2,146 follower",-
258,NextEra Energy,-,5.809,45 follower,-
259,KB Financial Group,-,120,238K follower,-
260,China Railway Group,253.507 persone seguono questa Pagina,19.299,"2,625 follower",-
261,HP,2.794.105 persone seguono questa Pagina,"1,1 Mln",1.2M follower,-
262,Nordea Bank,-,16.063,-,-
263,Seven & I Holdings,-,-,-,-
264,Suncor Energy,45.686 persone seguono questa Pagina,40.825,"4,685 follower",-
265,Salesforce.com,792.505 persone seguono questa Pagina,587.790,202K follower,"8,9mila follower"
266,Air Liquide,62.248 persone seguono questa Pagina,435,"2,355 follower",-
267,Denso,-,2.312,"1,661 follower",-
268,Bank of New York Mellon,15.467 persone seguono questa Pagina,38.720,10.1K follower,-
269,Mastercard,15.785.134 persone seguono questa Pagina,495.026,"2,273 follower","1,4mila follower"
270,Banco do Brasil,3.117.373 persone seguono questa Pagina,264.975,565K follower,-
271,Centene,11.427 persone seguono questa Pagina,5.747,-,-
272,HDFC,2.928.473 persone seguono questa Pagina,574.203,305K follower,545 follower
273,Freeport-McMoRan,-,3.367,"2,527 follower",-
274,"Merck KGaA, Darmstadt, Germany and its affiliates",-,24.264,"2,144 follower",-
275,CaixaBank,248.681 persone seguono questa Pagina,67.580,135K follower,341 follower
276,ABB,786.967 persone seguono questa Pagina,160.011,100K follower,33 follower
277,Volvo Group,37.781 persone seguono questa Pagina,85.659,13.3K follower,342 follower
278,Occidental Petroleum,25 persone seguono questa Pagina,16.479,"2,270 follower",-
279,National Grid,178.958 persone seguono questa Pagina,8.069,"4,054 follower",31 follower
280,McKesson,-,22.248,"8,330 follower",817 follower
281,Shinhan Financial Group,-,2.222,343K follower,-
282,ASML Holding,125.846 persone seguono questa Pagina,20.889,17.7K follower,-
283,Nutrien,13.875 persone seguono questa Pagina,6.617,"2,932 follower",0 follower
284,Investor AB,-,13,20 follower,-
285,KIA,-,15.849,62.1K follower,-
286,Saint-Gobain,386.291 persone seguono questa Pagina,23.774,27.1K follower,473 follower
287,Novo Nordisk,722.006 persone seguono questa Pagina,43.785,84.4K follower,-
288,Posco,-,-,30.8K follower,30 follower
289,Diageo,-,46.457,"4,969 follower",-
290,Royal Ahold Delhaize N.V.,-,3.007,"2,082 follower",-
291,PICC,-,-,"7,966 follower",-
292,Dominion Energy,-,64.955,10.7K follower,-
293,Kroger,1.673.484 persone seguono questa Pagina,165.587,182K follower,"82,7mila follower"
294,Baoshan Iron & Steel,-,-,-,-
295,Kweichow Moutai,2.169.673 persone seguono questa Pagina,385.779,67K follower,-
296,Xiaomi,670.284 persone seguono questa Pagina,"4,3 Mln",307K follower,-
297,Bank of Ningbo,-,-,-,-
298,Ecopetrol,437.589 persone seguono questa Pagina,252.113,43.6K follower,4 follower
299,LyondellBasell Industries,-,11.423,"1,977 follower",-
300,Contemporary Amperex Technology,-,2.632,-,-
301,UniCredit,-,41.407,"7,370 follower",-
302,AmerisourceBergen,11.003 persone seguono questa Pagina,5.831,"2,978 follower",-
303,EssilorLuxottica,-,532,"7,295 follower",-
304,Inditex,-,237,"5,464 follower",550 follower
305,Starbucks,35.136.241 persone seguono questa Pagina,"11,1 Mln",17.9M follower,-
306,Nucor,10.456 persone seguono questa Pagina,3.301,"4,669 follower",-
307,IntercontinentalExchange,-,57.343,26.2K follower,-
308,TJX Cos,14.908 persone seguono questa Pagina,1.515,"7,368 follower","121,6mila follower"
309,KBC Group,-,5.781,264 follower,-
310,Tesco,-,660.678,523K follower,"122,8mila follower"
311,BOE Technology Group,-,140,"8,939 follower",-
312,Blackstone,32.470 persone seguono questa Pagina,124.939,58.5K follower,-
313,American Electric,41.924 persone seguono questa Pagina,17.745,88 follower,-
314,Macquarie Group,18.543 persone seguono questa Pagina,14.707,"7,041 follower",-
315,Marubeni,-,-,-,-
316,Swiss Re,-,38.695,"6,058 follower",-
317,EOG Resources,-,347,-,-
318,CNP Assurances,-,11.401,"1,469 follower",-
319,Automatic Data Processing,-,48.959,-,45 follower
320,Phillips 66,25.569 persone seguono questa Pagina,10.465,"7,835 follower",-
321,Tyson Foods,293.529 persone seguono questa Pagina,58.808,14.4K follower,"2,7mila follower"
322,Repsol,205.352 persone seguono questa Pagina,463.679,59.2K follower,-
323,Sumitomo,-,1.403,591 follower,-
324,Holcim,108.619 persone seguono questa Pagina,42.937,21.1K follower,-
325,Altria Group,-,9.897,-,-
326,Applied Materials,12.008 persone seguono questa Pagina,12.692,"2,178 follower",-
327,Daimler Truck Holding,17.576 persone seguono questa Pagina,75.160,342K follower,-
328,Zijin Mining Group,-,-,10.2K follower,-
329,The Saudi National Bank,461.034 persone seguono questa Pagina,14,315K follower,-
330,Richemont,-,-,294 follower,154 follower
331,Kering,58.405 persone seguono questa Pagina,33.574,169K follower,-
332,Saudi Electricity,-,922,-,-
333,Danone,1.396.066 persone seguono questa Pagina,62.998,365 follower,86 follower
334,Nippon Steel,-,528,-,-
335,LG Chem,184.437 persone seguono questa Pagina,3.356,101 follower,-
336,Discover Financial Services,1.611.333 persone seguono questa Pagina,104.450,58.2K follower,-
337,Couche Tard,184.779 persone seguono questa Pagina,2.522,16.9K follower,-
338,Huaxia Bank,-,43,-,-
339,NN Group,644.593 persone seguono questa Pagina,1.515,64.7K follower,-
340,Fannie Mae,110.232 persone seguono questa Pagina,61.742,15.6K follower,519 follower
341,Fresenius,-,15.626,"7,731 follower","2,2mila follower"
342,Marsh & McLennan,-,-,-,-
343,Ameriprise Financial,134.052 persone seguono questa Pagina,6.995,"2,281 follower",-
344,Becton Dickinson,34.873 persone seguono questa Pagina,13.558,-,-
345,Panasonic,95.775 persone seguono questa Pagina,145.080,35.5K follower,25 follower
346,MS&AD Insurance,-,-,-,-
347,Orix,-,391.098,"5,311 follower",-
348,Citic Securities,-,48,-,-
349,First Abu Dhabi Bank,2.672.573 persone seguono questa Pagina,132.423,40.8K follower,11 follower
350,BCE,-,719.669,47.7K follower,-
351,Schlumberger,-,-,72.9K follower,-
352,Texas Instruments,267.558 persone seguono questa Pagina,92.895,29.4K follower,"6,8mila follower"
353,Bank Rakyat Indonesia (BRI),888.054 persone seguono questa Pagina,220.504,939K follower,-
354,Standard Chartered,503.909 persone seguono questa Pagina,97.229,62.2K follower,-
355,CRH,11.092 persone seguono questa Pagina,1.760,"1,840 follower",-
356,Bank of Beijing,-,-,-,-
357,Paramount,11.666.991 persone seguono questa Pagina,"3,5 Mln",576K follower,"32,9mila follower"
358,Bank Of Jiangsu,-,-,-,-
359,DuPont de Nemours,-,67.520,-,-
360,Gree Electric Appliances,193.449 persone seguono questa Pagina,24.430,"1,145 follower",-
361,Indian Oil,1.279.097 persone seguono questa Pagina,381.231,121K follower,-
362,Dollar General,3.300.736 persone seguono questa Pagina,88.658,256K follower,"33,8mila follower"
363,Kraft Heinz Company,-,21.776,"7,213 follower",11 follower
364,Wilmar International,-,11,154 follower,4 follower
365,Freddie Mac,-,79.087,"9,245 follower",-
366,Hewlett Packard Enterprise,310.314 persone seguono questa Pagina,79.792,48.3K follower,-
367,Japan Tobacco,-,6.956,-,-
368,Poste Italiane,-,85.786,52.5K follower,"1,3mila follower"
369,United Overseas Bank,2.339.583 persone seguono questa Pagina,29,30.8K follower,-
370,China Unicom,76.817 persone seguono questa Pagina,6.379,-,-
371,Valero Energy,45.495 persone seguono questa Pagina,9.268,"6,166 follower",210 follower
372,CSX,169.554 persone seguono questa Pagina,47.644,"9,469 follower",-
373,Danske Bank,104.909 persone seguono questa Pagina,8.118,"6,188 follower",-
374,Fortescue Metals Group,-,20.811,494 follower,-
375,China Railway Construction,253.566 persone seguono questa Pagina,71.465,"2,625 follower",-
376,Moderna,28.638 persone seguono questa Pagina,149.754,"7,797 follower",-
377,Woolworths,1.218.563 persone seguono questa Pagina,38.754,239K follower,"43,9mila follower"
378,Anhui Conch Cement,-,-,-,-
379,Adobe,1.479.840 persone seguono questa Pagina,837.356,1.4M follower,202mila follower
380,Hartford Financial Services,145.482 persone seguono questa Pagina,39.645,"8,307 follower",471 follower
381,State Street,-,54.189,-,-
382,Al Rajhi Bank,664.264 persone seguono questa Pagina,32.599,430K follower,-
383,Power Construction Corporation of China,-,1.635,"2,469 follower",-
384,Shin-Etsu Chemical,-,76,-,-
385,Fiserv,24.950 persone seguono questa Pagina,24.109,"8,190 follower",-
386,Regeneron Pharmaceuticals,18.790 persone seguono questa Pagina,31.979,"9,510 follower",-
387,ENEOS Holdings,-,-,"3,713 follower",-
388,Tata Consultancy Services,783.087 persone seguono questa Pagina,547.526,255K follower,76 follower
389,Sompo,-,1.850,9 follower,-
390,OMV Group,20.717 persone seguono questa Pagina,8.087,12.3K follower,-
391,Swiss Life Holding,508 persone seguono questa Pagina,1.998,"7,890 follower",-
392,Bank Of Shanghai,-,-,-,-
393,American Tower,-,664,-,-
394,Pioneer Natural Resources,7365 persone seguono questa Pagina,1.686,"1,867 follower",-
395,Sun Hung Kai Properties,-,-,13K follower,-
396,Wanhua Chemical Group,-,-,-,-
397,Sampo,-,2.237,"1,038 follower",-
398,China Merchants Shekou Industrial Zone Holdings,-,-,-,-
399,Haier Smart Home,14.244 persone seguono questa Pagina,4.642,33 follower,-
400,Eaton,101.111 persone seguono questa Pagina,34.699,108 follower,316 follower
401,SK,-,300.711,360K follower,-
402,Johnson Controls International,-,29.639,18.7K follower,-
403,JBS,1.460.481 persone seguono questa Pagina,53.452,49.7K follower,-
404,Saudi Telecom,-,"4,4 Mln",-,-
405,Jardine Matheson,-,77,-,-
406,Canadian National Railway,87.146 persone seguono questa Pagina,20.618,10.9K follower,-
407,Stryker,23.964 persone seguono questa Pagina,903,17.5K follower,-
408,Nokia,12.757.344 persone seguono questa Pagina,"2,1 Mln",968K follower,-
409,Mitsubishi Electric,1.069.062 persone seguono questa Pagina,4.768,44 follower,-
410,Nissan Motor,22.018.035 persone seguono questa Pagina,215.403,6.6M follower,14 follower
411,Tata Steel,295.721 persone seguono questa Pagina,113.655,60.9K follower,-
412,Heineken,-,172.234,"4,067 follower",-
413,BAE Systems,84.555 persone seguono questa Pagina,108.541,29K follower,-
414,Etisalat,2.548.780 persone seguono questa Pagina,0,382K follower,-
415,BT Group,-,50.352,"2,015 follower",-
416,CTBC Financial,-,17,435 follower,-
417,Novatek,-,-,255 follower,-
418,Greenland Holdings Group,-,265,"2,509 follower",-
419,RWE Group,-,22.683,311 follower,-
420,Daikin Industries,108.908 persone seguono questa Pagina,-,-,-
421,Aegon,11.033 persone seguono questa Pagina,14.550,"3,106 follower",-
422,Baidu,61.351 persone seguono questa Pagina,105.546,641 follower,2 follower
423,Ericsson,1.773.565 persone seguono questa Pagina,273.220,51.3K follower,-
424,Canon,285.599 persone seguono questa Pagina,17.184,125K follower,-
425,Lennar,1.282.132 persone seguono questa Pagina,244.073,156K follower,"57,7mila follower"
426,Bank of Nanjing,-,-,-,-
427,Philips,-,3.054,24.2K follower,"11,8mila follower"
428,Keurig Dr Pepper,12.936.627 persone seguono questa Pagina,408,22 follower,-
429,China Yangtze Power,-,-,-,-
430,DNB Bank,431.279 persone seguono questa Pagina,6.817,25.1K follower,-
431,Emerson Electric,-,20.423,291 follower,-
432,Imperial Brands,-,7.119,579 follower,-
433,Boeing,1.556.548 persone seguono questa Pagina,655.776,1.6M follower,-
434,General Mills,109.607 persone seguono questa Pagina,104.828,75.1K follower,"5,7mila follower"
435,Axis Bank,3.649.613 persone seguono questa Pagina,428.290,216K follower,8 follower
436,National Bank of Canada,76.149 persone seguono questa Pagina,9.166,"9,560 follower",-
437,The Estée Lauder Companies,92.013 persone seguono questa Pagina,-,277K follower,"69,1mila follower"
438,CNH Industrial,121.362 persone seguono questa Pagina,12.364,169 follower,-
439,Fairfax Financial,-,933,328 follower,-
440,Adidas,41.104.718 persone seguono questa Pagina,"4,2 Mln",26.6M follower,686mila follower
441,Michelin Group,5.800.363 persone seguono questa Pagina,71.262,311 follower,"1,3mila follower"
442,Norfolk Southern,-,45.063,47.1K follower,663 follower
443,Principal Financial Group,70.033 persone seguono questa Pagina,16.242,"3,591 follower",-
444,Sempra,-,8.403,"1,911 follower",-
445,Fortum,112.443 persone seguono questa Pagina,7.468,"2,991 follower",-
446,Grupo Mexico,-,9.892,12.8K follower,0 follower
447,D.R. Horton,135.856 persone seguono questa Pagina,16.153,64.7K follower,"3,7mila follower"
448,L3Harris Technologies,60.569 persone seguono questa Pagina,20.331,27K follower,-
449,Naspers,-,7.603,592 follower,1 follower
450,Standard Bank Group,184.878 persone seguono questa Pagina,19.781,16.3K follower,303 follower
451,TC Energy,-,27.833,"5,042 follower",-
452,Norilsk Nickel,-,15.618,43 follower,-
453,Naturgy Energy Group,59.971 persone seguono questa Pagina,42.121,16.7K follower,-
454,Henkel,127.689 persone seguono questa Pagina,22.299,44.9K follower,-
455,MediaTek,3.628.671 persone seguono questa Pagina,91.787,50.1K follower,-
456,Recruit Holdings,-,7.820,101 follower,-
457,Hengli Petrochemical,-,-,9 follower,-
458,Xcel Energy,43.729 persone seguono questa Pagina,10.983,"4,772 follower",387 follower
459,Corteva,496.428 persone seguono questa Pagina,334,41.6K follower,-
460,Synchrony Financial,67.012 persone seguono questa Pagina,14.018,"9,947 follower",153 follower
461,Toyota Tsusho,-,196,"3,848 follower",-
462,Toyota Industries,281 persone seguono questa Pagina,223.537,5M follower,-
463,AstraZeneca,-,303.132,56.5K follower,-
464,Sunac China Holdings,-,-,-,-
465,China Evergrande Group,-,-,"1,331 follower",-
466,Bridgestone,494.127 persone seguono questa Pagina,101.381,99.1K follower,-
467,Emirates NBD,1.209.705 persone seguono questa Pagina,159.045,132K follower,-
468,Daiwa House Industry,-,102,66.9K follower,-
469,JD.com,40.095 persone seguono questa Pagina,92.787,"6,949 follower",-
470,Kinder Morgan,-,10.526,728 follower,-
471,China National Building,2 persone seguono questa Pagina,32,-,-
472,FirstRand,-,-,0 follower,-
473,Carrefour,11.899.304 persone seguono questa Pagina,90.108,57.5K follower,-
474,Fujitsu,71.244 persone seguono questa Pagina,71.934,"5,886 follower",31 follower
475,SEB AB,43.237 persone seguono questa Pagina,10.195,644 follower,-
476,Surgutneftegas,-,142,128 follower,-
477,New China Life Insurance,-,54,409 follower,-
478,Barrick Gold,193.070 persone seguono questa Pagina,58.506,23.6K follower,-
479,DSV Panalpina,82.419 persone seguono questa Pagina,4.606,435 follower,-
480,Talanx,-,1.578,0 follower,-
481,Vodafone,3.629.607 persone seguono questa Pagina,371.338,157K follower,"1,7mila follower"
482,Nintendo,5.398.542 persone seguono questa Pagina,-,116K follower,"47,4mila follower"
483,Hana Financial Group,254.606 persone seguono questa Pagina,12,49 follower,-
484,Hyundai Mobis,111.073 persone seguono questa Pagina,5.031,10.3K follower,0 follower
485,NTPC,-,41.127,18.7K follower,-
486,Maybank,2.402.975 persone seguono questa Pagina,206.937,147K follower,-
487,CME Group,102.882 persone seguono questa Pagina,689.915,13.9K follower,-
488,TAQA,-,6.108,"3,610 follower",0 follower
489,Pernod Ricard,-,19.658,"1,280 follower",430 follower
490,Bank Mandiri,364.806 persone seguono questa Pagina,214.334,531K follower,-
491,Femsa,1.358.930 persone seguono questa Pagina,211.118,102K follower,3 follower
492,Paccar,-,885,"1,755 follower",-
493,Consolidated Edison,38.114 persone seguono questa Pagina,43.283,"9,959 follower",-
494,Mitsui Fudosan,-,404,-,-
495,Evergreen Marine Corp. (Taiwan),-,50,"7,949 follower",-
496,Komatsu,-,37,60.4K follower,-
497,Shaanxi Coal Industry,-,-,-,-
498,Lenovo Group,214.531 persone seguono questa Pagina,735.362,25.9K follower,-
499,Fast Retailing,-,15,-,54 follower
500,London Stock Exchange,-,68.377,-,-
501,Vonovia,18.650 persone seguono questa Pagina,4.045,"7,901 follower",-
502,Aviva,942.701 persone seguono questa Pagina,43.089,41.7K follower,-
503,Sherwin-Williams,698.194 persone seguono questa Pagina,140.458,413K follower,-
504,Fujifilm Holdings,-,24.994,249K follower,-
505,Intuit,-,81.700,21.4K follower,"4,1mila follower"
506,Lam Research,-,23.520,"4,808 follower",-
507,Erste Group Bank,-,6.155,11.4K follower,-
508,Lincoln National,2795 persone seguono questa Pagina,10.690,-,-
509,Carrier Global,58.398 persone seguono questa Pagina,15.554,36.5K follower,-
510,DISH Network,4.078.070 persone seguono questa Pagina,108.455,22.6K follower,0 follower
511,China Coal Energy,-,5.235,-,-
512,Continental,58.424 persone seguono questa Pagina,965,134K follower,-
513,VTB Bank,268.841 persone seguono questa Pagina,19.110,106K follower,-
514,Murata Manufacturing,12.989 persone seguono questa Pagina,2.710,852 follower,-
515,Larsen & Toubro,-,-,-,-
516,Ally Financial,-,16.394,36.6K follower,-
517,NetEase,1.189.682 persone seguono questa Pagina,16.877,"8,413 follower",-
518,Bank Central Asia,271.971 persone seguono questa Pagina,138.919,524K follower,-
519,Volvo Car,239.469 persone seguono questa Pagina,242.749,1.5M follower,-
520,Intact Financial,32.909 persone seguono questa Pagina,4.638,"5,122 follower",-
521,Orsted,35.679 persone seguono questa Pagina,20.790,24.7K follower,25 follower
522,Cummins,482.079 persone seguono questa Pagina,124.922,154K follower,-
523,Williams,-,"1,7 Mln",2.3M follower,-
524,Capgemini,17.298 persone seguono questa Pagina,139.174,"3,092 follower",0 follower
525,Prologis,10.095 persone seguono questa Pagina,12.381,829 follower,-
526,Thales,69.974 persone seguono questa Pagina,83.463,15.7K follower,"1,1mila follower"
527,Bouygues,922.986 persone seguono questa Pagina,174.898,30.7K follower,606 follower
528,Banorte,901.358 persone seguono questa Pagina,80.827,33K follower,-
529,CK Asset Holdings,-,-,351 follower,-
530,Orange,24.364 persone seguono questa Pagina,31.438,96.1K follower,-
531,Kuehne & Nagel International,-,-,,-
532,Bunge,26.437 persone seguono questa Pagina,2.363,60 follower,-
533,Samsung Life Insurance,-,-,-,-
534,VMware,393.889 persone seguono questa Pagina,332.704,56.5K follower,"1,8mila follower"
535,Albertsons,484.562 persone seguono questa Pagina,31.637,28.5K follower,11mila follower
536,CRRC,749.483 persone seguono questa Pagina,19.300,95K follower,-
537,CBRE Group,569.469 persone seguono questa Pagina,134.328,79.2K follower,-
538,Toshiba,-,15.946,61.9K follower,97 follower
539,Samsung C&T,-,-,-,-
540,Infosys,871.148 persone seguono questa Pagina,503.882,279K follower,488 follower
541,Prudential,561.227 persone seguono questa Pagina,149.362,29.6K follower,"1,2mila follower"
542,Yankuang Energy Group,-,-,-,-
543,Canadian Pacific Railway,314.451 persone seguono questa Pagina,33.512,24.8K follower,-
544,Loews,62.265 persone seguono questa Pagina,46.457,30.7K follower,"3,8Mln follower"
545,Tokyo Electron,-,2.445,-,-
546,LG Electronics,45.586.422 persone seguono questa Pagina,379.413,44.5K follower,"12,1mila follower"
547,CSL,-,5.258,"1,934 follower",82 follower
548,Magna International,229.377 persone seguono questa Pagina,12.746,12.9K follower,-
549,Analog Devices,136.329 persone seguono questa Pagina,46.880,"8,009 follower",756 follower
550,Kubota,423.572 persone seguono questa Pagina,263,29.1K follower,-
551,Air Products & Chemicals,-,-,-,-
552,Newmont Mining,58.939 persone seguono questa Pagina,25.320,"3,104 follower",-
553,TE Connectivity,79.155 persone seguono questa Pagina,40.116,14.2K follower,-
554,Aon,44.559 persone seguono questa Pagina,39.644,"1,803 follower",51 follower
555,TELUS,911.016 persone seguono questa Pagina,129.282,86K follower,"26,6mila follower"
556,Dollar Tree,-,186.078,625K follower,"135,2mila follower"
557,WTW,1214 persone seguono questa Pagina,7.153,"7,327 follower",-
558,China Zheshang Bank,-,-,-,-
559,Wesfarmers,-,3.156,"3,336 follower",-
560,Suzuki Motor,145.717 persone seguono questa Pagina,11.062,1.1M follower,-
561,Best Buy,8.217.844 persone seguono questa Pagina,37.579,495K follower,"194,4mila follower"
562,SVB Financial Group,11.329 persone seguono questa Pagina,38.520,"7,835 follower",-
563,Advanced Micro Devices,3.076.545 persone seguono questa Pagina,"1,1 Mln",1.7M follower,"7,2mila follower"
564,Markel,1991 persone seguono questa Pagina,853,912 follower,-
565,Muyuan Foodstuff,-,10,-,-
566,Kimberly-Clark,401.306 persone seguono questa Pagina,29.595,16.3K follower,5 follower
567,Swedbank,114.508 persone seguono questa Pagina,8.650,16.8K follower,-
568,Cognizant,393.782 persone seguono questa Pagina,746.099,142K follower,773 follower
569,Corning,-,30.257,-,"17,4mila follower"
570,Infineon Technologies,230.855 persone seguono questa Pagina,15.768,10.5K follower,-
571,Citizens Financial Group,174.772 persone seguono questa Pagina,25.136,29.9K follower,"1,7mila follower"
572,Devon Energy,49.422 persone seguono questa Pagina,15.138,"3,423 follower",-
573,Asahi Group Holdings,-,6,"3,739 follower",-
574,JSW Steel,303.525 persone seguono questa Pagina,44.511,32.3K follower,-
575,Lumen Technologies,4326 persone seguono questa Pagina,6.533,"2,735 follower","47,9mila follower"
576,Regions Financial,291.661 persone seguono questa Pagina,203,"1,634 follower","1,6mila follower"
577,Svenska Handelsbanken,31.909 persone seguono questa Pagina,6.639,"3,162 follower",-
578,Raymond James Financial,-,16.614,"4,394 follower",0 follower
579,BYD,178.055 persone seguono questa Pagina,33.959,49.7K follower,-
580,Illinois Tool Works,-,130,"1,547 follower",-
581,Pinduoduo,-,8.304,"1,508 follower",4 follower
582,Activision Blizzard,-,182.205,1.4M follower,-
583,Liberty Global,6874 persone seguono questa Pagina,7.826,998 follower,-
584,Colgate-Palmolive,111.173 persone seguono questa Pagina,36.499,22.1K follower,-
585,SSE,102.094 persone seguono questa Pagina,33.681,"2,315 follower",-
586,Nan Ya Plastics,-,-,-,-
587,Vivendi,-,9.701,413 follower,-
588,Baxter International,17.442 persone seguono questa Pagina,15.877,"4,484 follower",-
589,Fosun International,-,8.069,-,-
590,Weichai Power,-,720,827 follower,-
591,Fidelity National Financial,-,137,-,-
592,Parker-Hannifin,22.450 persone seguono questa Pagina,17.249,"9,181 follower",436 follower
593,Vedanta Limited,19.858 persone seguono questa Pagina,31.786,11.6K follower,-
594,Woori Financial Group,-,-,0 follower,-
595,Sysco,103.690 persone seguono questa Pagina,15.201,62.1K follower,315 follower
596,Telstra,914.459 persone seguono questa Pagina,118.123,47.9K follower,-
597,Credit Suisse Group,160.226 persone seguono questa Pagina,380.322,16.9K follower,-
598,Rogers Communications,705.285 persone seguono questa Pagina,116.307,42.5K follower,386 follower
599,M&T Bank,-,-,-,-
600,Boston Scientific,58.775 persone seguono questa Pagina,38.707,"2,138 follower",3 follower
601,Edison International,24.446 persone seguono questa Pagina,3.327,-,-
602,Financiere de l'Odet,-,-,"6,499 follower",0 follower
603,Sumitomo Mitsui Trust,-,145,-,-
604,Entergy,-,20.397,12.9K follower,-
605,Swisscom,293.362 persone seguono questa Pagina,52.002,34.7K follower,1 follower
606,EnBW-Energie Baden,-,15.870,-,-
607,Hikvision,-,11.374,112K follower,-
608,Nippon Yusen,-,4.845,"7,358 follower",-
609,Stanley Black & Decker,-,-,-,-
610,Oneok,-,3.530,"1,319 follower",-
611,Marriott International,470.715 persone seguono questa Pagina,442.371,238K follower,"4,9mila follower"
612,Warner Bros. Discovery,331.782 persone seguono questa Pagina,153.344,239K follower,-
613,S.F. Holding,-,-,-,-
614,Delta Air Lines,-,"1,6 Mln",1.2M follower,"3,3mila follower"
615,Bharat Petroleum,2.189.487 persone seguono questa Pagina,411.182,137K follower,-
616,Halliburton,307.485 persone seguono questa Pagina,62.548,33.9K follower,-
617,Metallurgical Corp of China,-,-,123 follower,-
618,Northern Trust,-,18.358,"5,029 follower",-
619,HeidelbergCement,-,-,796 follower,166 follower
620,China Steel,-,1.352,-,-
621,Eversource Energy,24.124 persone seguono questa Pagina,10.124,"5,876 follower",-
622,Sany Heavy Industry,-,58,42.7K follower,-
623,Hermès International,-,18.367,12.4M follower,-
624,International Paper,-,9.011,"1,213 follower",-
625,Koç Holding,-,-,-,-
626,Nidec,-,571,"1,454 follower",-
627,Meituan,-,2.887,91 follower,-
628,Kotak Mahindra Bank,1.547.655 persone seguono questa Pagina,308.081,168K follower,428 follower
629,Teck Resources,30.113 persone seguono questa Pagina,14.867,-,-
630,Southwest Airlines,6.076.539 persone seguono questa Pagina,"2,1 Mln",827K follower,"30,4mila follower"
631,Deutsche Boerse,7 persone seguono questa Pagina,23.875,"4,283 follower",-
632,Labcorp,11.065 persone seguono questa Pagina,7.108,"5,071 follower",5 follower
633,China Tower Corp.,-,-,-,-
634,Inpex,-,125,"1,164 follower",-
635,Coca-Cola European Partners,-,9.702,912 follower,-
636,Wuliangye Yibin,168 persone seguono questa Pagina,27,24 follower,-
637,Shimao Property Holdings,-,-,"2,219 follower",-
638,Idemitsu Kosan,-,9,"2,751 follower",-
639,Formosa Petrochemical,-,-,-,-
640,Crown Castle International,-,3.312,"1,220 follower",-
641,FirstEnergy,-,9.383,123 follower,-
642,Rongsheng Petrochemical,-,-,-,-
643,Hindalco Industries,-,4.479,"5,377 follower",-
644,Bank Of Hangzhou,-,-,-,-
645,Renault,18.710.558 persone seguono questa Pagina,76.467,92K follower,-
646,International Holding Company,-,474,"2,183 follower",-
647,International Holding Company,-,474,"2,183 follower",-
648,Cincinnati Financial,20.621 persone seguono questa Pagina,-,"1,462 follower",-
649,Mitsubishi Estate,-,-,-,-
650,Cleveland-Cliffs,4677 persone seguono questa Pagina,-,-,-
651,Grupo ACS,-,2.693,106 follower,0 follower
652,CGN Power,1078 persone seguono questa Pagina,2.175,328 follower,-
653,ASE Technology Holding,-,38,114 follower,-
654,JFE Holdings,-,389,-,-
655,DTE Energy,71.577 persone seguono questa Pagina,29.842,"4,091 follower",-
656,China Hongqiao Group,31.283 persone seguono questa Pagina,298,48.1K follower,-
657,NXP Semiconductors,87.067 persone seguono questa Pagina,57.249,"3,920 follower",4 follower
658,Western Digital,241.879 persone seguono questa Pagina,175.384,22.1K follower,-
659,Booking Holdings,15.714.526 persone seguono questa Pagina,10.534,2.3M follower,-
660,Aeon,287.626 persone seguono questa Pagina,167.905,43.4K follower,37 follower
661,First Republic Bank,91.030 persone seguono questa Pagina,45.943,"6,799 follower",-
662,Lufax Holding,-,485,-,-
663,Atlas Copco,66.443 persone seguono questa Pagina,20.035,29.4K follower,-
664,Fidelity National Information (FIS),27.001 persone seguono questa Pagina,-,"5,635 follower",-
665,Mitsubishi Chemical,-,863,18K follower,-
666,Edp-energias De Portugal,-,89,35.9K follower,-
667,Kyocera,-,9.284,"1,558 follower",55 follower
668,Xiamen C&D,-,-,-,-
669,AutoZone,3.061.697 persone seguono questa Pagina,40.514,73.4K follower,816 follower
670,China Taiping Insurance,20.449 persone seguono questa Pagina,86,336 follower,-
671,Cenovus Energy,13.289 persone seguono questa Pagina,25.408,"3,126 follower",-
672,Neste,37.900 persone seguono questa Pagina,21.726,13.7K follower,-
673,Porsche Automobil Holding,-,28,"1,780 follower",-
674,H&M - Hennes & Mauritz,-,-,-,-
675,RELX,-,17.256,29.7K follower,11 follower
676,PG&E,-,-,-,-
677,Republic Services,76.425 persone seguono questa Pagina,14.139,"9,171 follower",112 follower
678,Ross Stores,-,3.587,504K follower,"1,7mila follower"
679,WEC Energy Group,479 persone seguono questa Pagina,632,989 follower,-
680,Cardinal Health,-,17.430,478 follower,71 follower
681,CarMax,-,37.540,47.5K follower,-
682,China Development Financial,-,506,-,-
683,Riyad Bank,295.130 persone seguono questa Pagina,576.762,111K follower,-
684,Thomson Reuters,-,158.329,39.7K follower,-
685,Transneft,-,-,-,-
686,Ferguson,-,781.626,35K follower,-
687,IQVIA,61.235 persone seguono questa Pagina,15.585,12.2K follower,-
688,Hong Kong Exchanges,-,14.125,-,-
689,PPG,102.411 persone seguono questa Pagina,34.980,23.2K follower,-
690,Legend Holding,-,-,130 follower,-
691,Ecolab,54.869 persone seguono questa Pagina,22.853,21.5K follower,88 follower
692,Sinopharm Group,-,-,-,-
693,Luxshare Precision Industry,-,71,-,-
694,Seazen Group,-,-,"3,095 follower",0 follower
695,Global Payments,-,5.338,"1,076 follower",10 follower
696,China Energy Engineering,-,69.859,53 follower,-
697,Safran,318.630 persone seguono questa Pagina,89.302,45.3K follower,-
698,S&P Global,-,-,-,-
699,Huntington Bank,265.452 persone seguono questa Pagina,22.704,"9,253 follower",-
700,Arch Capital Group,-,58,167 follower,-
701,Jackson Financial,31.662 persone seguono questa Pagina,3,385 follower,-
702,Bank Leumi,-,5.122,14 follower,-
703,Trane Technologies,8814 persone seguono questa Pagina,9.386,"3,002 follower",-
704,Veolia Environnement,-,37.145,-,-
705,O'Reilly Automotive,687.066 persone seguono questa Pagina,40.826,59.2K follower,163 follower
706,Biogen,20.920 persone seguono questa Pagina,44.687,280 follower,-
707,Publicis Groupe,84.894 persone seguono questa Pagina,77.062,38.8K follower,-
708,Hanwha,1092 persone seguono questa Pagina,-,"1,633 follower",-
709,The Mosaic Company,8055 persone seguono questa Pagina,9.605,344 follower,-
710,Bharti Airtel,10.296.466 persone seguono questa Pagina,142.719,559K follower,-
711,Daqin Railway,-,-,-,-
712,Uber,22.133.081 persone seguono questa Pagina,1 Mln,1.4M follower,"4,7mila follower"
713,STMicroelectronics,54.128 persone seguono questa Pagina,40.835,19.4K follower,-
714,Gemdale,-,17.626,80 follower,-
715,Ageas,3165 persone seguono questa Pagina,2.353,"5,084 follower",-
716,Quanta Computer,-,727,70 follower,-
717,George Weston,-,11,644 follower,-
718,Weyerhaeuser,18.920 persone seguono questa Pagina,5.541,"6,105 follower",-
719,Korea Electric Power,-,18.942,36.4K follower,-
720,Fox,-,"1,4 Mln",1.1M follower,-
721,Mitsubishi Heavy Industries,-,140.572,"1,152 follower",2 follower
722,Steel Dynamics,-,1.436,464 follower,-
723,Keyence,-,2.153,"1,602 follower",-
724,Longi Green Energy Technology,184.651 persone seguono questa Pagina,30.249,-,-
725,Reckitt Benckiser Group,324.735 persone seguono questa Pagina,21.621,15.3K follower,-
726,Coal India,-,61.278,"8,932 follower",-
727,Aisin Seiki,-,15,"1,020 follower",-
728,Digital Realty Trust,4357 persone seguono questa Pagina,24.807,"2,096 follower",-
729,Tata Motors,-,341.509,240K follower,-
730,Resona Holdings,22.040 persone seguono questa Pagina,25.406,-,-
731,Simon Property Group,6432 persone seguono questa Pagina,5.268,"3,887 follower",-
732,Industrial Bank of Korea,-,2.151,108K follower,-
733,CLP Holdings,-,5,1 follower,-
734,National Bank of Kuwait,271.593 persone seguono questa Pagina,592.106,635K follower,-
735,SingTel,576.600 persone seguono questa Pagina,42.115,38.9K follower,-
736,Coinbase,405.171 persone seguono questa Pagina,"5,5 Mln",401K follower,2 follower
737,CenterPoint Energy,54.359 persone seguono questa Pagina,16.571,813 follower,-
738,Saudi Arabian Mining,-,-,"2,584 follower",-
739,China Cinda Asset Management,-,-,"5,083 follower",-
740,Asahi Kasei,-,255,"8,268 follower",-
741,NEC,2.209.694 persone seguono questa Pagina,47.144,"2,483 follower",1 follower
742,United Airlines Holdings,1.514.856 persone seguono questa Pagina,"1,1 Mln",946K follower,"3,5mila follower"
743,MGM Resorts,191.240 persone seguono questa Pagina,75.759,142K follower,"2,1mila follower"
744,DSM,-,171.792,"8,160 follower",-
745,Telkom Indonesia,525.550 persone seguono questa Pagina,149.866,551K follower,-
746,PKN Orlen,211.730 persone seguono questa Pagina,35.801,28.3K follower,-
747,Guotai Junan Securities,-,-,50 follower,-
748,Norsk Hydro,78.145 persone seguono questa Pagina,8.999,12.2K follower,-
749,Formosa Plastics,-,5,-,-
750,NRG Energy,36.249 persone seguono questa Pagina,24.716,"7,038 follower",-
751,Public Bank,-,-,"5,513 follower",-
752,TCL,5.532.982 persone seguono questa Pagina,19.616,-,"1,3mila follower"
753,Huatai Securities,-,-,-,-
754,Kellogg,42.394 persone seguono questa Pagina,114.958,10.8K follower,"2,3mila follower"
755,Inner Mongolia Yili,-,-,-,-
756,WPP,-,131.781,34K follower,-
757,Omnicom Group,-,21.268,10.5K follower,12 follower
758,Sekisui House,-,989,"3,600 follower",-
759,Cheniere Energy,-,4.824,5 follower,-
760,Sandvik,-,12.860,37.9K follower,-
761,Siam Cement,-,39,-,-
762,East Japan Railway,-,208,411 follower,-
763,Abu Dhabi Commercial Bank,-,45.966,30.9K follower,-
764,Huishang Bank,-,-,-,-
765,Great Wall Motor,-,40.293,21K follower,-
766,Haitong Securities,-,51,123 follower,-
767,Dongfeng Motor Group,2097 persone seguono questa Pagina,120,326 follower,-
768,China Reinsurance Group,-,-,-,-
769,Henderson Land,5152 persone seguono questa Pagina,860,"6,591 follower",-
770,Samsung SDI,-,471,-,-
771,Fortis (Canada),-,2.807,"3,101 follower",-
772,SK Telecom,1.467.292 persone seguono questa Pagina,213.213,525K follower,-
773,HAL Trust,-,-,211 follower,-
774,Banco Btg Pactual,245.808 persone seguono questa Pagina,69.847,515K follower,-
775,Baker Hughes Company,162.674 persone seguono questa Pagina,70.249,28.3K follower,172 follower
776,Gallagher,-,"3,6 Mln",1.6M follower,-
777,Everest Re Group,-,163,105 follower,-
778,Amphenol,4709 persone seguono questa Pagina,1.101,922 follower,-
779,American Airlines Group,2.695.316 persone seguono questa Pagina,"1,6 Mln",1.1M follower,"3,4mila follower"
780,KLA,-,4.089,40.8K follower,137 follower
781,Astellas Pharma,-,52.010,-,-
782,Otsuka Holding,-,8.281,-,-
783,China Bohai Bank,-,-,-,-
784,Kasikornbank,3.014.522 persone seguono questa Pagina,335.161,50.7K follower,-
785,Bank Hapoalim,-,2.464,14.6K follower,-
786,Woodside Petroleum,12.679 persone seguono questa Pagina,10.059,"3,985 follower",-
787,MTR,3980 persone seguono questa Pagina,1.400,27.9K follower,-
788,Tatneft,-,-,"1,098 follower",-
789,Power Finance,-,16.907,"1,701 follower",-
790,Zoetis,82.753 persone seguono questa Pagina,15.404,39.2K follower,-
791,Lonza Group,55.408 persone seguono questa Pagina,7.966,"5,404 follower",-
792,Eiffage,-,20.324,"9,048 follower",-
793,Sumitomo Chemical,-,326,591 follower,-
794,Vertex Pharmaceuticals,-,69.761,"6,449 follower",-
795,Constellation Energy,31.578 persone seguono questa Pagina,12.938,"2,148 follower",62 follower
796,CIFI Holdings Group,-,-,-,-
797,Raiffeisen Bank International,-,3.080,-,-
798,Whirlpool,639.984 persone seguono questa Pagina,32.298,"8,017 follower",-
799,Siemens Energy,23.425 persone seguono questa Pagina,186.324,-,-
800,WestRock,20.301 persone seguono questa Pagina,7.162,"6,282 follower",-
801,Samsung Fire & Marine,-,-,-,-
802,US Steel,-,8.315,"1,247 follower",-
803,UPM-Kymmene,10.185 persone seguono questa Pagina,11.744,712 follower,-
804,Formosa Chemicals,-,135,-,-
805,SK Innovation,-,23,56 follower,-
806,Telia,203.600 persone seguono questa Pagina,61,17.6K follower,166 follower
807,T&D Holdings,-,-,-,-
808,Mapfre,2.076.530 persone seguono questa Pagina,48.141,36.1K follower,-
809,HCL Technologies,1.392.188 persone seguono questa Pagina,452.780,80.3K follower,-
810,Sumitomo Realty,-,-,16.1K follower,-
811,Westlake Chemical,3144 persone seguono questa Pagina,16,-,-
812,Apollo Global Management,-,5.487,"1,492 follower",-
813,United Rentals,113.380 persone seguono questa Pagina,7.349,10.6K follower,0 follower
814,Diamondback Energy,-,-,648 follower,-
815,Otis Worldwide,24.957 persone seguono questa Pagina,13.433,19.9K follower,-
816,Chongqing Rural Bank,-,400,-,-
817,Ball,23.972 persone seguono questa Pagina,"1,3 Mln",-,-
818,Stora Enso,15.685 persone seguono questa Pagina,11.959,12.6K follower,151 follower
819,Yang Ming Marine Transport,-,-,-,-
820,Phoenix Group Holdings,-,4.326,464 follower,0 follower
821,Wipro,1.434.626 persone seguono questa Pagina,543.794,126K follower,"1,5mila follower"
822,Power Grid of India,-,29.550,-,-
823,Absa Group,-,73.054,29.7K follower,-
824,Novolipetsk Steel,-,665,-,-
825,Sumitomo Electric,-,138,"1,795 follower",0 follower
826,St. James's Place,-,4.912,"4,937 follower",-
827,Grasim Industries,-,7.448,"1,218 follower",-
828,Segro,-,5.479,515 follower,-
829,Mega Financial Holding,-,7,-,-
830,Zhongsheng Group Holdings,-,-,-,-
831,Shin Kong Financial,-,-,-,-
832,CMS Energy,-,17.244,"4,629 follower",-
833,Quinenco,-,776,"1,020 follower",-
834,Evonik Industries,38.232 persone seguono questa Pagina,17.003,12.1K follower,-
835,East Money Information,-,-,3.871 follower,-
836,QBE Insurance Group,-,5.865,-,-
837,Tenaga Nasional,437.016 persone seguono questa Pagina,37.605,54.3K follower,-
838,Naver,-,-,17K follower,-
839,TDK,-,1.175,"1,552 follower",-
840,Nomura,-,16.114,12K follower,-
841,Jinke Property Group,-,-,"6,287 follower",-
842,Tokyo Electric Power,-,22.390,-,-
843,CDW,115.413 persone seguono questa Pagina,44.611,"2,893 follower",206 follower
844,The Hershey Company,54.830 persone seguono questa Pagina,15.155,377K follower,"118,3mila follower"
845,ITC,-,-,"1,483 follower",45 follower
846,Pgnig Group,-,-,"2,710 follower",-
847,MTN Group,-,20.904,"3,086 follower",46 follower
848,Compass Group,-,15.540,"1,045 follower",-
